key,title,author,creation-moment,body,email
chirp-01,Title1,Author1,2020/01/01 10:00,Learning to fly,chirp1@gmail.com
chirp-02,Title2,Author2,2021/01/01 10:00,The red balloon,chirp2@gmail.com
chirp-03,Title3,Author3,2022/08/14 01:00,The mouse warning,chirp3@gmail.com
chirp-04,Title4,Author4,2022/01/23 02:20,Caldo!!!,chirp4@gmail.com
chirp-05,Title5,Author5,2021/11/25 23:23,Sopa,chirp5@gmail.com
chirp-06,Title6,Author6,2022/07/21 10:03,adifiue,chirp3@gmail.com
chirp-07,Title7,Author7,2022/05/14 17:47,Refresco,chirp3@gmail.com
chirp-08,Title8,Author8,2022/08/11 15:50,Fideos,chirp111@gmail.com
chirp-09,Title9,Author9,2022/03/03 17:44,Pollo,chirp3345@gmail.com
chirp-10,Title10,Author10,2022/02/21 19:07,Avecrem,chirp135t5@gmail.com
chirp-11,Title11,Author11,2021/07/07 04:40,Hola que pasa,chirpegs2@gmail.com
chirp-12,Title12,Author12,2021/01/01 07:00,Lechuga,chirp3ssgfd@gmail.com
chirp-13,Title13,Author13,2020/08/01 08:00,Móvil,chirthrdhp1@gmail.com
chirp-14,Title14,Author14,2020/09/01 09:30,Ropa nueva,chirfhghp2@gmail.com
chirp-15,Title15,Author15,2000/10/01 14:00,Devolución,chijujrp3@gmail.com
chirp-16,Title16,Author16,2002/11/01 16:00,Pero qué?,chirpyjyr61@gmail.com
chirp-17,Title17,Author17,2003/12/01 18:00,Sigueme y te sigo,chhggirp2@gmail.com
chirp-18,Title18,Author18,2004/01/02 20:00,Ratón,chirpggg3@gmail.com
chirp-19,Title19,Author19,2005/06/07 15:27,Volar,chirpjjj1@gmail.com
chirp-20,Title20,Author20,2012/12/12 12:12,Globo,chirtyddp2@gmail.com
chirp-21,Title21,Author21,1962/01/15 05:50,Glovo,shirp3@gmail.com
